[
  {
    "id": "1",
    "estado": "En ruta",
    "ubicacion": {
      "latitud": 13.70002035,
      "longitud": -89.21979034873
    },
    "rendimiento": {
      "nivelGasolina": 75,
      "velocidadPromedio": 40,
      "kilometraje": 110
    },
    "ubicaciones": [
      {
        "latitud": 13.70002035,
        "longitud": -89.21979034873
      },
      {
        "latitud": 13.7160476,
        "longitud": -89.1540481664836
      }
    ]
  },
  {
    "id": "2",
    "estado": "En ruta",
    "ubicacion": {
      "latitud": 13.4918774,
      "longitud": -89.364874
    },
    "rendimiento": {
      "nivelGasolina": 50,
      "velocidadPromedio": 12,
      "kilometraje": 125
    },
    "ubicaciones": [
      {
        "latitud": 13.4918774,
        "longitud": -89.364874
      },
      {
        "latitud": 13.7160476,
        "longitud": -89.1540481664836
      },
      {
        "latitud": 13.488452,
        "longitud": -88.18577
      }
    ]
  }
]